matrixName,row,col,val
a,0,0,17
a,0,1,6
a,0,2,12
a,0,3,17
a,0,4,6
a,0,5,7
a,0,6,6
a,0,7,5
a,1,0,3
a,1,1,3
a,1,2,10
a,1,3,7
a,1,4,14
a,1,5,12
a,1,6,19
a,1,7,0
a,2,0,8
a,2,1,9
a,2,2,19
a,2,3,7
a,2,4,8
a,2,5,4
a,2,6,16
a,2,7,4
b,0,0,3
b,0,1,11
b,0,2,7
b,0,3,5
b,0,4,15
b,1,0,13
b,1,1,19
b,1,2,13
b,1,3,16
b,1,4,8
b,2,0,13
b,2,1,13
b,2,2,11
b,2,3,1
b,2,4,1
b,3,0,6
b,3,1,17
b,3,2,16
b,3,3,9
b,3,4,9
b,4,0,2
b,4,1,14
b,4,2,7
b,4,3,12
b,4,4,9
b,5,0,2
b,5,1,5
b,5,2,18
b,5,3,4
b,5,4,3
b,6,0,15
b,6,1,16
b,6,2,1
b,6,3,11
b,6,4,15
b,7,0,7
b,7,1,10
b,7,2,15
b,7,3,19
b,7,4,2
